{"cameraMode":{"drawMode":0,"name":"Shaded","section":"Shading Mode"},"sceneLighting":false,"audioPlay":false,"sceneViewState":{"m_AlwaysRefresh":false,"showFog":true,"showSkybox":false,"showFlares":true,"showImageEffects":true,"showParticleSystems":true,"showVisualEffectGraphs":true,"m_FxEnabled":false},"in2DMode":false,"pivot":{"x":-0.04786238074302673,"y":0.9990746974945068,"z":0.21043704450130464},"rotation":{"x":-0.10138362646102905,"y":0.6712054014205933,"z":-0.09343046694993973,"w":-0.7283390760421753},"size":1.2103773355484009,"orthographic":false}